model,f1_negative,f1_neutral,f1_positive
gemma3_vllm,0.702488,0.342679,0.661721
mistral31_vllm,0.729363,0.442953,0.565657
deepseekr1_vllm,0.610127,0.307305,0.593377
phi3_medium,0.709817,0.453933,0.589172
llama31_70b_vllm,0.584615,0.337121,0.472843
phi4_vllm,0.746432,0.438679,0.664662
