model,common_100,annotator_1_unique,annotator_2_unique,annotator_3_unique
gemma3_vllm,0.650000,0.620000,0.650000,0.616667
mistral31_vllm,0.620000,0.620000,0.616667,0.610000
deepseekr1_vllm,0.560000,0.530000,0.506667,0.530000
phi3_medium,0.630000,0.616667,0.646667,0.576667
llama31_70b_vllm,0.470000,0.533333,0.440000,0.420000
phi4_vllm,0.710000,0.626667,0.650000,0.666667
