model,matched,n_missing,n_invalid,accuracy,macro_f1
gemma3_vllm,1000,0,0,0.631000,0.568963
mistral31_vllm,1000,0,1,0.616000,0.579324
deepseekr1_vllm,1000,0,29,0.526000,0.503603
phi3_medium,1000,0,0,0.615000,0.584307
llama31_70b_vllm,1000,0,33,0.465000,0.464860
phi4_vllm,1000,0,0,0.654000,0.616591
